N,Time,hits:Mean,hits:StdDev,hits:NormalizedMean,swaps:Mean,swaps:StdDev,swaps:NormalizedMean,compares:Mean,compares:StdDev,compares:NormalizedMean,fixes:Mean,fixes:StdDev,fixes:NormalizedMean
10000,146.776667,389436.0,0.0,4.2282476463618694,59559.0,0.0,0.6466536261918944,147006.0,0.0,1.5960973651667358,2.598881E7,0.0,282.16991935580126
20000,1155.65375,985762.0,0.0,4.9768427272247235,156024.0,0.0,0.7877225026654611,352910.0,0.0,1.7817460673721213,1.37786494E8,0.0,695.6463229194196
40000,4746.449584,2033654.0,0.0,4.797876994024255,314324.0,0.0,0.7415656194562497,758957.0,0.0,1.790561388394322,5.4741482E8,0.0,1291.4827060384553
80000,12216.663291,4109872.0,0.0,4.550433338119596,621809.0,0.0,0.6884643617958924,1588436.0,0.0,1.758709791903334,1.781822007E9,0.0,1972.8259817454093
160000,31604.838333,8704367.0,0.0,4.539982947596629,1253761.0,0.0,0.653930786737473,3621484.0,0.0,1.8888766529483456,-2.093959123E9,0.0,-1092.1573862159526
